timestamp,version,python,machine,n_patients,decisions_per_second
2026-10-05T18:38:37,0.1.0,3.12.13,arm64,10,55701
2026-10-05T18:38:38,0.1.0,3.12.13,arm64,50,42227
2026-10-05T18:38:39,0.1.0,3.12.13,arm64,200,16842
2026-10-05T18:39:42,0.1.0,3.12.13,arm64,10,74124
2026-10-05T18:39:43,0.1.0,3.12.13,arm64,50,42491
2026-10-05T18:39:44,0.1.0,3.12.13,arm64,200,16934
2026-10-05T18:51:25,0.1.0,3.12.13,arm64,10,73210
2026-10-05T18:51:25,0.1.0,3.12.13,arm64,50,42357
2026-10-05T18:51:26,0.1.0,3.12.13,arm64,200,17039
2026-10-05T19:26:06,0.1.0,3.12.13,arm64,10,67972
2026-10-05T19:26:07,0.1.0,3.12.13,arm64,50,40668
2026-10-05T19:26:08,0.1.0,3.12.13,arm64,200,16491
2026-10-05T19:39:26,0.1.0,3.12.13,arm64,10,66667
2026-10-05T19:39:27,0.1.0,3.12.13,arm64,50,40506
2026-10-05T19:39:28,0.1.0,3.12.13,arm64,200,16687
2026-10-05T19:39:29,0.1.0,3.12.13,arm64,env-10,4304
2026-10-05T19:48:55,0.1.0,3.12.13,arm64,10,66725
2026-10-05T19:48:56,0.1.0,3.12.13,arm64,50,38933
2026-10-05T19:48:57,0.1.0,3.12.13,arm64,200,16467
2026-10-05T19:48:58,0.1.0,3.12.13,arm64,env-10,4338
2026-10-05T20:15:02,0.1.0,3.12.13,arm64,10,66578
2026-10-05T20:15:03,0.1.0,3.12.13,arm64,50,34610
2026-10-05T20:15:04,0.1.0,3.12.13,arm64,200,16439
2026-10-05T20:15:05,0.1.0,3.12.13,arm64,env-10,4181
2026-10-05T20:30:46,0.1.0,3.12.13,arm64,10,65538
2026-10-05T20:30:47,0.1.0,3.12.13,arm64,50,39985
2026-10-05T20:30:48,0.1.0,3.12.13,arm64,200,16388
2026-10-05T20:30:49,0.1.0,3.12.13,arm64,env-10,4266
2026-10-05T21:01:38,0.1.0,3.12.13,arm64,10,67295
2026-10-05T21:01:39,0.1.0,3.12.13,arm64,50,41108
2026-10-05T21:01:40,0.1.0,3.12.13,arm64,200,16561
2026-10-05T21:01:41,0.1.0,3.12.13,arm64,env-10,4342
2026-10-05T21:09:38,0.1.0,3.12.13,arm64,10,63818
2026-10-05T21:09:39,0.1.0,3.12.13,arm64,50,40676
2026-10-05T21:09:40,0.1.0,3.12.13,arm64,200,15971
2026-10-05T21:09:41,0.1.0,3.12.13,arm64,env-10,3712
2026-10-05T21:19:44,0.1.0,3.12.13,arm64,10,66634
2026-10-05T21:19:44,0.1.0,3.12.13,arm64,50,39998
2026-10-05T21:19:45,0.1.0,3.12.13,arm64,200,16204
2026-10-05T21:19:46,0.1.0,3.12.13,arm64,env-10,4110
